sample_name,number_of_players,number_of_incentives,mean_wealth,median_wealth,std_wealth,skewness,kurtosis,gini_coefficient
PIDCplyr_192_inctvs_500_,192,500,2.6041666666666665,2,1.648731625287215,0.6248503271860404,0.7272398494956152,0.3468333333333332
PIDCplyr_192_inctvs_550_,192,550,1.6041666666666667,1,1.3499935699435344,0.7312548979165262,-0.131540522,0.4577245670995671
PIDCplyr_192_inctvs_500_,192,500,2.5833333333333335,3,1.7330528619237853,0.4149737722506803,-0.409517191,0.37531502016129026
PIDCplyr_192_inctvs_550_,192,550,2.8333333333333335,3,1.5855247992033703,0.5726299387739775,0.7017185067610905,0.3057023590686274
PIDCplyr_192_inctvs_600_,192,600,3.0989583333333335,3,1.8130312320155682,0.4452302812452062,-0.178056685,0.32604166666666656
PIDCplyr_192_inctvs_650_,192,650,3.328125,3,1.9180178095388827,0.5247649627668382,-0.295525541,0.32160439488784565
PIDCplyr_192_inctvs_700_,192,700,3.5833333333333335,3,2.094967514996089,0.9160867303146955,0.7929693759012975,0.31767805232558133
PIDCplyr_192_inctvs_750_,192,750,3.875,4,2.1077733116569566,0.7187429675853801,0.9914473295410033,0.29901713709677424
PIDCplyr_192_inctvs_800_,192,800,4.104166666666667,4,2.1960151727364927,0.6936582231996319,0.8842491466945099,0.29382138324873086
PIDCplyr_192_inctvs_850_,192,850,4.380208333333333,4,2.2235069799599363,0.5257686616272621,0.14208615041560435,0.2825319560047562
PIDCplyr_192_inctvs_900_,192,900,4.583333333333333,5,2.2965856299201115,0.3894447607418618,-0.008322495,0.28108428030303023
PIDCplyr_192_inctvs_950_,192,950,4.880208333333333,5,2.606327228738534,0.5424790826683908,-0.019945193,0.2972529793667733
PIDCplyr_192_inctvs_1000_,192,1000,5.145833333333333,5,2.376004904,0.37166816798095687,-0.057228235,0.25758054993252344
PIDCplyr_192_inctvs_1050_,192,1050,5.385416666666667,5,2.741919156306805,0.7327073649885024,0.8630157734781303,0.27724049000644746
PIDCplyr_192_inctvs_1100_,192,1100,4.703125,5,2.3519474698729277,0.3002207504617713,-0.31773892,0.2811404115909929
PIDCplyr_192_inctvs_1150_,192,1150,2.0885416666666665,2,1.4851606108197712,0.7828441514660068,0.6898325041134163,0.3853777015793849
PIDCplyr_192_inctvs_1200_,192,1200,1.5,1,1.2458263656438378,0.8323092047758841,0.7122652132786822,0.4462528935185185
PIDCplyr_192_inctvs_1250_,192,1250,6.416666666666667,6,2.8087165910587863,0.47170914455631957,-0.042121014,0.24378551136363635
PIDCplyr_192_inctvs_1300_,192,1300,6.6875,7,2.8878787630369804,0.5815107525245179,0.894304691,0.2395346573208722
PIDCplyr_192_inctvs_1350_,192,1350,6.927083333333333,7,2.9306028662584467,0.6044049191099853,0.12588804464948655,0.23512687969924806
PIDCplyr_192_inctvs_1400_,192,1400,7.171875,7,3.131932414826614,0.3565227813094584,-0.380838621,0.2459944625998547
PIDCplyr_192_inctvs_1450_,192,1450,7.505208333333333,7,3.281890645130825,0.8642987577546447,1.4035010988929608,0.24011464839232022
PIDCplyr_165_inctvs_500_,165,500,2.9515151515151516,3,1.858008254559935,0.5356211837007845,-0.046446114,0.35042001120029853
PIDCplyr_165_inctvs_550_,165,550,3.2606060606060607,3,1.9034162897496916,0.4523558775059131,-0.314580033,0.3261462205700123
PIDCplyr_165_inctvs_600_,165,600,3.5272727272727273,3,2.093463525280639,0.8514481115827085,0.9188404884407557,0.32250338435905435
PIDCplyr_165_inctvs_650_,165,650,3.787878787878788,3,2.2664559940988065,0.7724864743475137,1.1510295966782937,0.32554666666666654
PIDCplyr_165_inctvs_700_,165,700,4.1030303030303035,4,2.300524953,0.653535175,0.2824796454919456,0.30908195694015494
PIDCplyr_165_inctvs_750_,165,750,4.4,4,2.414099995418331,0.5503234233179576,0.2520201702099394,0.30523415977961443
PIDCplyr_165_inctvs_800_,165,800,4.709090909090909,4,2.2857083825189415,0.4660991133900451,-0.019819702,0.2707070707070707
PIDCplyr_165_inctvs_850_,165,850,4.987878787878788,5,2.376623218918296,0.4153087660846689,-0.010744996,0.26457527891306754
PIDCplyr_165_inctvs_900_,165,900,5.363636363636363,5,2.510803104866042,0.5480441251283411,0.090826885,0.26064030131826754
PIDCplyr_165_inctvs_950_,165,950,5.642424242424243,5,2.4044189499097346,0.17780984859959909,-0.300356785,0.2391042541418481
PIDCplyr_165_inctvs_1000_,165,1000,5.878787878787879,5,2.955811694473518,0.7421928088897894,0.19800585108752466,0.2767260231177757
PIDCplyr_165_inctvs_1050_,165,1050,6.236363636363636,6,2.6830351630104317,0.2518390425122305,-0.609539447,0.24388491327266826
PIDCplyr_165_inctvs_1100_,165,1100,6.4787878787878785,6,2.844639570901369,0.5474041499691342,0.6528467477177715,0.24322929954361194
PIDCplyr_165_inctvs_1150_,165,1150,6.842424242424243,7,3.0109930208377294,0.21930862801216297,-0.101922786,0.24660063880613037
PIDCplyr_165_inctvs_1200_,165,1200,7.151515151515151,7,2.8017441766850544,0.1487228316768165,-0.356042999,0.2213559322033899
PIDCplyr_165_inctvs_1250_,165,1250,7.375757575757576,7,2.9651542249255978,0.6992600988486566,0.6658209324556634,0.22098055327307575
PIDCplyr_165_inctvs_1300_,165,1300,7.715151515151515,7,3.285977665698202,0.3654182913185378,0.049299467258540286,0.23891070960984528
PIDCplyr_165_inctvs_1350_,165,1350,7.951515151515151,7,3.6776244977893175,0.7543064753033516,0.6364636683380591,0.25511825572801183
PIDCplyr_165_inctvs_1400_,165,1400,8.381818181818181,8,3.3601456088087454,0.506391963,0.2443438497805861,0.22362453165056195
PIDCplyr_165_inctvs_1450_,165,1450,8.557575757575757,8,3.5732194381750055,0.755004744,0.2739959205086109,0.22926431453343643
PIDCplyr_140_inctvs_500_,140,500,3.4357142857142855,3,1.805589394415156,0.30434216382453794,-0.071966615,0.29324324324324336
PIDCplyr_140_inctvs_550_,140,550,3.7142857142857144,4,2.168889492955568,0.41568757568084547,-0.325645936,0.3272802197802197
PIDCplyr_140_inctvs_600_,140,600,4.1571428571428575,4,2.3030148829350643,0.4850049702061799,-0.463266803,0.31124202258222866
PIDCplyr_140_inctvs_650_,140,650,4.5,4,2.182724378909466,0.17309152639855327,-0.460883501,0.27396825396825386
PIDCplyr_140_inctvs_700_,140,700,4.7214285714285715,4,2.6540208233192604,0.5533167146186672,0.018449140095633254,0.31291333477415173
PIDCplyr_140_inctvs_750_,140,750,5.042857142857143,5,2.401997468,0.3763208534029558,-0.146578828,0.2673613921489275
PIDCplyr_140_inctvs_800_,140,800,5.335714285714285,5,2.5456144761578665,0.9785944814725017,1.9860874143125953,0.2573627844712181
PIDCplyr_140_inctvs_850_,140,850,5.7785714285714285,5.5,2.651328123097277,0.7704337957489689,0.7568062879207154,0.2513597033374535
PIDCplyr_140_inctvs_900_,140,900,6.214285714285714,6,2.870504471058588,0.8193200991927928,1.3016927604021893,0.24977011494252876
PIDCplyr_140_inctvs_950_,140,950,6.542857142857143,7,3.029312577776937,0.3687947513098665,0.17102197211519687,0.25910792264504057
PIDCplyr_140_inctvs_1000_,140,1000,6.95,6.5,2.879298029530313,0.667627259,0.8018125690250448,0.22871090882396117
PIDCplyr_140_inctvs_1050_,140,1050,7.114285714285714,7,2.6242977680724806,0.1743756392025191,-0.658995019,0.20975329890992533
PIDCplyr_140_inctvs_1100_,140,1100,7.5,7,3.219361072,0.5972650506328163,0.34318497996343744,0.2376734693877549
PIDCplyr_140_inctvs_1150_,140,1150,7.9071428571428575,8,2.9517462835496175,0.5357315189991658,1.120350391699402,0.20622660988514652
PIDCplyr_140_inctvs_1200_,140,1200,8.207142857142857,8,3.5040719753114753,0.7237557402385074,0.5703379328498799,0.23532885739152054
PIDCplyr_140_inctvs_1250_,140,1250,8.592857142857143,8,3.4638880478680694,0.7002003108710616,0.5010400527668071,0.22229545184657407
PIDCplyr_140_inctvs_1300_,140,1300,8.864285714285714,9,3.2671759633527855,0.46487975431042416,0.3668258846073824,0.20617589501554034
PIDCplyr_140_inctvs_1350_,140,1350,9.157142857142857,9,2.9863293966517026,0.1037553196317469,-0.441894667,0.18432137285491423
PIDCplyr_140_inctvs_1400_,140,1400,9.5,9,3.5162886278412517,0.026615426538871518,-0.419715114,0.2097744360902256
PIDCplyr_140_inctvs_1450_,140,1450,10.014285714285714,10,4.116145413032014,0.3198015331120186,0.1399492500426307,0.22900957815365797
PIDCplyr_130_inctvs_500_,130,500,3.5846153846153848,3,2.048581555743521,0.852848841,1.3444883349228052,0.3111587982832619
PIDCplyr_130_inctvs_550_,130,550,3.953846153846154,4,2.279883730036514,0.4073650777786388,0.0040603,0.32208919485184084
PIDCplyr_130_inctvs_600_,130,600,4.338461538461538,4,2.5406051555117766,0.8429062992039035,0.4014387076705348,0.32040371
PIDCplyr_130_inctvs_650_,130,650,4.723076923076923,5,2.366481921838942,0.4048974110168164,-0.371943572,0.281558507
PIDCplyr_130_inctvs_700_,130,700,5.061538461538461,5,2.4581226299567165,0.5349664317695073,0.018310507282725652,0.2706102408230068
PIDCplyr_130_inctvs_750_,130,750,5.484615384615385,6,2.415445859096174,0.027022723,-0.602571115,0.24985435322041216
PIDCplyr_130_inctvs_800_,130,800,5.846153846153846,5,2.818787351003533,0.48880744,-0.224731218,0.2703441295546559
PIDCplyr_130_inctvs_850_,130,850,6.207692307692308,6,2.7109355576319287,0.4496329298502214,0.23328679687367027,0.24444762177104196
PIDCplyr_130_inctvs_900_,130,900,6.538461538461538,6,3.282011217704183,0.9390410031837785,1.2557450049370882,0.2737737556561086
PIDCplyr_130_inctvs_950_,130,950,6.769230769230769,6,2.9756407494559025,0.26991106013582883,-0.557017891,0.24839160839160845
PIDCplyr_130_inctvs_1000_,130,1000,7.246153846153846,7,3.0610745686429954,0.2752986219646445,-0.250756846,0.2383472154172792
PIDCplyr_130_inctvs_1050_,130,1050,7.638461538461539,7,3.085957889,0.9783967156872079,1.7410341622805872,0.21821210008521197
PIDCplyr_130_inctvs_1100_,130,1100,7.969230769230769,8,3.1499412974712393,0.2852716985982346,-0.199530206,0.22273537273537292
PIDCplyr_130_inctvs_1150_,130,1150,8.353846153846154,8,3.231721471389367,0.50252378,0.49018249912825773,0.2165604193228503
PIDCplyr_130_inctvs_1200_,130,1200,8.738461538461538,8,3.173335653787294,0.600705026,0.37218116987705274,0.2012323943661971
PIDCplyr_130_inctvs_1250_,130,1250,9.030769231,9,3.243783312355311,0.5633708311362021,0.49563286087006597,0.1980605425239158
PIDCplyr_130_inctvs_1300_,130,1300,9.376923076923077,9,3.3974320270901996,0.3615735794819375,-0.33727884,0.20453713636650472
PIDCplyr_130_inctvs_1350_,130,1350,9.907692307692308,9,3.9893052293623454,0.8371083866662692,1.2999873186803974,0.22097467749641675
PIDCplyr_130_inctvs_1400_,130,1400,10.046153846153846,10,3.6791753642557925,0.7917936556698616,1.4996739011611355,0.19991754034633058
PIDCplyr_130_inctvs_1450_,130,1450,10.661538461538461,10,3.425141987295723,0.560063851,0.843676017,0.17534687534687543
PIDCplyr_108_inctvs_500_,108,500,4.277777777777778,4,2.159532413952979,0.48907837395295256,0.48381929823255065,0.279661696
PIDCplyr_108_inctvs_550_,108,550,4.518518518518518,4,2.153728384,0.6002828213245401,0.20808036718741452,0.26328172434729813
PIDCplyr_108_inctvs_600_,108,600,5.12037037,5,2.3754827680588018,0.33345092116902886,-0.452286978,0.2614526823387583
PIDCplyr_108_inctvs_650_,108,650,5.5,5,2.5037009642763888,0.6566350170071696,0.15561310761483593,0.25084175084175087
PIDCplyr_108_inctvs_700_,108,700,6.101851851851852,6,2.728246672,0.368987174,-0.089139201,0.2501967065699995
PIDCplyr_108_inctvs_750_,108,750,6.296296296296297,6,2.4954004327193484,0.5835983085667193,-0.230482621,0.22066993464052287
PIDCplyr_108_inctvs_800_,108,800,6.888888888888889,7,2.944968506821905,0.34815531740328876,-0.52135358,0.24138789326961363
PIDCplyr_108_inctvs_850_,108,850,7.203703703703703,7,2.930551898657832,0.024380718073613864,-0.550622792,0.23017233171474794
PIDCplyr_108_inctvs_900_,108,900,7.592592592592593,7,2.944036775878132,0.3582918254901396,-0.471321264,0.21897018970189697
PIDCplyr_108_inctvs_950_,108,950,8.101851851851851,8,3.2658156907884854,0.25065553951188096,-0.225890157,0.22733333333333317
PIDCplyr_108_inctvs_1000_,108,1000,8.407407407407407,8,2.7387380070127634,0.25178544161282473,0.23429942060984965,0.18153450807635818
PIDCplyr_108_inctvs_1050_,108,1050,8.916666666666666,9,3.0463244398114577,0.4564505227893592,0.26006501584953545,0.19042536825506706
PIDCplyr_108_inctvs_1100_,108,1100,9.25,9,3.456408433512923,0.5878569350175792,0.8545432313003181,0.204361769
PIDCplyr_108_inctvs_1150_,108,1150,9.740740741,9,3.1808756375679836,0.44069267186635863,1.1452627769726282,0.176858893
PIDCplyr_108_inctvs_1200_,108,1200,10.027777777777779,9.5,4.007997406420885,0.30752980998052565,-0.328670143,0.22544543620259216
PIDCplyr_108_inctvs_1250_,108,1250,10.62037037037037,11,3.542643898100925,0.13673947882796159,-0.380438994,0.1887451968097129
PIDCplyr_108_inctvs_1300_,108,1300,10.935185185185185,10,3.7963753379305354,0.6673777355078847,1.1528738781561616,0.18845454260356886
PIDCplyr_108_inctvs_1350_,108,1350,11.37962962962963,11,4.413190650162039,0.677755761,0.8737516835650814,0.21343006961395894
PIDCplyr_108_inctvs_1400_,108,1400,11.805555555555555,12,3.478660697296242,0.040507938618353875,-0.317399384,0.16652868554829325
PIDCplyr_108_inctvs_1450_,108,1450,12.37037037037037,12,3.881562764204054,0.3005894636228957,0.043888979,0.17580117542692364
PIDCplyr_88_inctvs_500_,88,500,4.7727272727272725,4,2.119858875702003,0.3347948660514166,-0.43831629,0.24864718614718617
PIDCplyr_88_inctvs_550_,88,550,5.340909090909091,5,2.2757933863138993,0.3165909415951256,-0.504314684,0.24008704061895547
PIDCplyr_88_inctvs_600_,88,600,5.886363636363637,6,2.483728036375498,0.33463450501843833,0.3572517898433367,0.23442435942435957
PIDCplyr_88_inctvs_650_,88,650,6.375,6,2.537502798923669,0.8616604945377588,1.1882982402889146,0.21489628909415015
PIDCplyr_88_inctvs_700_,88,700,6.681818181818182,6,3.009626428590336,0.909438702,1.273394990992463,0.24493661100803954
PIDCplyr_88_inctvs_750_,88,750,7.420454545454546,7,2.6616877374271852,0.10851470695460282,-0.411692984,0.20247459278852853
PIDCplyr_88_inctvs_800_,88,800,7.761363636363637,8,3.2613240415714952,0.452825711,0.4229030058744012,0.23454345800612275
PIDCplyr_88_inctvs_850_,88,850,8.375,8,2.970737970758965,0.028891172230878167,0.061598074,0.1972215369433823
PIDCplyr_88_inctvs_900_,88,900,9.045454545454545,9,3.390860345737866,0.18829173068179908,-0.463085854,0.21176907263590694
PIDCplyr_88_inctvs_950_,88,950,9.454545454545455,9,3.357180536853029,0.10068622399166409,-0.483088582,0.20143138111888104
PIDCplyr_88_inctvs_1000_,88,1000,9.931818181818182,9,3.4502814593537625,0.090831194,-0.801912536,0.19804451841065118
PIDCplyr_88_inctvs_1050_,88,1050,10.204545454545455,10,3.739102623591932,0.303954785,-0.047780796,0.20555780522372957
PIDCplyr_88_inctvs_1100_,88,1100,10.863636363636363,10,3.6124211793282774,0.5833632109608008,0.1807618828264106,0.18478984404716625
PIDCplyr_88_inctvs_1150_,88,1150,11.193181818181818,11,4.350699929440441,0.8973341369595188,1.1527525127295997,0.21050992155053072
PIDCplyr_88_inctvs_1200_,88,1200,11.659090909090908,11,3.9740246477376617,0.31012996738594373,-0.283031008,0.1916533758639023
PIDCplyr_88_inctvs_1250_,88,1250,12.454545454545455,12,4.174895455710922,0.5459746397785644,0.052664628,0.187334107
PIDCplyr_88_inctvs_1300_,88,1300,12.818181818181818,12,4.3759296532940875,0.7458352717564455,0.3864960885642117,0.1884872662798196
PIDCplyr_88_inctvs_1350_,88,1350,13.011363636363637,13,3.964313302,0.1655879491333127,-0.231315013,0.17132790789996033
PIDCplyr_88_inctvs_1400_,88,1400,13.715909090909092,14,4.560075915527273,0.18198749027438652,0.30626160303850547,0.18455788205166834
PIDCplyr_88_inctvs_1450_,88,1450,13.988636363636363,13,4.331424073458085,0.6445530415709552,0.3286397161806187,0.17137766782364672
PIDCplyr_80_inctvs_500_,80,500,5.175,5,2.391521482236779,0.5934320731998997,0.3540829995165682,0.25658212560386484
PIDCplyr_80_inctvs_550_,80,550,5.5625,5,2.5876811530789494,1.0668023276087282,1.8844938163370655,0.24811797752808995
PIDCplyr_80_inctvs_600_,80,600,6.1125,5.5,2.6315097852753655,0.8162272664166221,0.3786552130812231,0.23392126789366063
PIDCplyr_80_inctvs_650_,80,650,6.825,7,2.463610155848526,0.5077240417620236,-0.037024344,0.20105311355311362
PIDCplyr_80_inctvs_700_,80,700,7.3625,7,3.001015453142486,0.3513371232573088,-0.446660425,0.2303268251273345
PIDCplyr_80_inctvs_750_,80,750,7.925,8,3.212378402,0.3098751924791096,-0.002442751,0.22610410094637234
PIDCplyr_80_inctvs_800_,80,800,8.5625,8,3.235906944,0.4549281395324664,0.011806575212151227,0.21071167883211683
PIDCplyr_80_inctvs_850_,80,850,8.625,8,3.187377448624496,0.22488063118645876,-0.498555918,0.20876811594202904
PIDCplyr_80_inctvs_900_,80,900,9.3875,8,3.422330163791916,0.5067848651447303,-0.217492355,0.20324567243675107
PIDCplyr_80_inctvs_950_,80,950,9.6,10,3.3000000000000003,0.14350112697220155,0.31869660795280597,0.1913085937500001
PIDCplyr_80_inctvs_1000_,80,1000,10.5375,10,4.002948132314482,0.7852806360478524,0.13141976048364956,0.21003855278766315
PIDCplyr_80_inctvs_1050_,80,1050,10.9125,11,3.482792521813494,0.4745391861327847,-0.229061717,0.1784793814432991
PIDCplyr_80_inctvs_1100_,80,1100,11.6125,12,3.5017629488587603,0.034365773343793586,-0.112829404,0.16901237890204523
PIDCplyr_80_inctvs_1150_,80,1150,11.6875,12,4.039163743895511,0.18002253514826339,-0.085094356,0.19399732620320864
PIDCplyr_80_inctvs_1200_,80,1200,12.475,12,4.260208328,1.026317215511527,1.2163956443693955,0.18481963927855716
PIDCplyr_80_inctvs_1250_,80,1250,12.9875,13,3.906704973503886,0.088633926,-0.543725621,0.17108999037536088
PIDCplyr_80_inctvs_1300_,80,1300,13.575,13,4.926395741310274,0.059553247,-0.746920141,0.20741252302025792
PIDCplyr_80_inctvs_1350_,80,1350,14.1125,14,4.055840695836069,0.29278859975429167,-0.573247695,0.1630535872453499
PIDCplyr_80_inctvs_1400_,80,1400,14.6125,14,4.175804563194978,-0.139166528,0.059906907,0.16001924721984606
PIDCplyr_80_inctvs_1450_,80,1450,15.175,14,4.546358432855905,0.44661110740374915,-0.54268109,0.16906919275123566
PIDCplyr_80_inctvs_500_,80,500,5.2,5,2.325940669922601,0.2579601482354084,-0.292164507,0.2521033653846154
PIDCplyr_80_inctvs_550_,80,550,5.6375,5.5,2.613636116600779,0.7513136676281774,0.9797316517005705,0.25230044345898006
PIDCplyr_80_inctvs_600_,80,600,6.0375,6,2.6525636184642205,0.32929650771195695,-0.290134919,0.2470755693581781
PIDCplyr_80_inctvs_650_,80,650,6.825,7,2.764846288675014,0.37347818079782436,-0.200464539,0.22742674
PIDCplyr_80_inctvs_700_,80,700,7.2625,7,3.011410591400648,0.060525059,-0.438600781,0.23461703958691915
PIDCplyr_80_inctvs_750_,80,750,7.6875,7,2.736757890278203,0.4129569685008466,0.9434786330177105,0.19445121951219524
PIDCplyr_80_inctvs_800_,80,800,8.1875,8,3.058160190375906,0.4596073833915265,0.5614227784531027,0.20612595419847324
PIDCplyr_80_inctvs_850_,80,850,8.825,9,3.6324062272824054,0.22549568835035827,-0.185590962,0.23031161473087824
PIDCplyr_80_inctvs_900_,80,900,9.4,9,3.5128336140500593,0.26478506222971065,-0.417424722,0.2117353723404256
PIDCplyr_80_inctvs_950_,80,950,9.8125,10,3.5675402940961995,0.4377950932908095,0.030431284858457364,0.2030732484076434
PIDCplyr_80_inctvs_1000_,80,1000,10.7125,11,3.5006918958971527,0.26295927167740446,-0.078354206,0.18367852975495924
PIDCplyr_80_inctvs_1050_,80,1050,11.0625,11,3.7958653492978383,0.029905876190963677,-0.770236107,0.1961440677966102
PIDCplyr_80_inctvs_1100_,80,1100,11.35,11,3.765302113,0.21862472800222502,-0.294918375,0.18722466960352424
PIDCplyr_80_inctvs_1150_,80,1150,12.075,12,4.389689625,0.15089827993560656,-0.720912063,0.20672877846790905
PIDCplyr_80_inctvs_1200_,80,1200,12.2375,12.5,3.585539534017161,0.2877500737042929,-0.374397113,0.1654622063329929
PIDCplyr_80_inctvs_1250_,80,1250,13.0875,13,3.6816903386895534,0.261071079,-0.291299935,0.15803486150907364
PIDCplyr_80_inctvs_1300_,80,1300,13.425,14,3.9235666172501777,0.15762038661634983,-0.129907308,0.16450186219739305
PIDCplyr_80_inctvs_1350_,80,1350,13.875,14,4.950694395738844,0.3497900074988534,-0.386426245,0.2018243243243245
PIDCplyr_80_inctvs_1400_,80,1400,14.575,14,4.058247774594351,-0.091637853,1.0643168029844414,0.15210120068610644
PIDCplyr_80_inctvs_1450_,80,1450,14.9,14,4.565084884205331,0.32877016784534724,0.17785609948386583,0.16849832214765104
PIDCplyr_63_inctvs_500_,63,500,6.26984127,6,2.6974788299997465,0.6927825319690238,-0.183786084,0.23725135623869797
PIDCplyr_63_inctvs_550_,63,550,6.190476190476191,6,2.9539166512896804,0.15361535457300002,0.012592334058031618,0.2651200651200649
PIDCplyr_63_inctvs_600_,63,600,7.365079365079365,7,2.6744029881279174,0.8666679251450295,1.1106831006534428,0.19553913519430743
PIDCplyr_63_inctvs_650_,63,650,7.761904761904762,8,2.5986216475509054,0.45202648736930445,0.2344290185334934,0.18521764534034468
PIDCplyr_63_inctvs_700_,63,700,8.206349206349206,8,3.0817369363269136,0.15080315785941145,-0.465363817,0.21270455313008496
PIDCplyr_63_inctvs_750_,63,750,8.952380952380953,9,3.6228050669733776,0.4810912792958577,-0.445855854,0.22768208938421697
PIDCplyr_63_inctvs_800_,63,800,9.428571428571429,10,3.048363004434138,0.03773786,-0.160669383,0.18096306985195876
PIDCplyr_63_inctvs_850_,63,850,10.26984126984127,10,4.063802071507917,0.8958125083892693,1.475062904889466,0.2152547778513776
PIDCplyr_63_inctvs_900_,63,900,10.88888888888889,11,3.6606492229775403,0.33150833413880276,-1.067177007,0.1914480077745384
PIDCplyr_63_inctvs_950_,63,950,11.301587301587302,11,3.2349035001181794,0.4317535088183791,-0.12858173,0.1598894239343679
PIDCplyr_63_inctvs_1000_,63,1000,11.936507936507937,11,3.663951444335057,0.4592498015361709,0.007901589,0.17101485984464682
PIDCplyr_63_inctvs_1050_,63,1050,12.285714285714286,12,3.224059215202049,0.3700209129861859,-0.160254653,0.14683565071161953
PIDCplyr_63_inctvs_1100_,63,1100,12.80952380952381,12,4.3089318193766175,0.12555873548241123,-0.435880227,0.19067288212269617
PIDCplyr_63_inctvs_1150_,63,1150,13.619047619047619,14,3.340129127000034,-0.139396411,-0.429541444,0.13841713841713832
PIDCplyr_63_inctvs_1200_,63,1200,14.158730158730158,14,4.288065198828944,0.20617092058515946,-0.039546232,0.16922912662822964
PIDCplyr_63_inctvs_1250_,63,1250,14.412698412698413,15,4.073276909573049,0.047779160874310285,-0.725716822,0.16131739039228032
PIDCplyr_63_inctvs_1300_,63,1300,15.571428571428571,16,4.2602417612085794,0.16424456803339563,-0.389063901,0.15471740854003835
PIDCplyr_63_inctvs_1350_,63,1350,15.666666666666666,16,4.425754352345099,0.2368143449305596,-0.49407653,0.16017754619578328
PIDCplyr_63_inctvs_1400_,63,1400,16.841269841269842,17,4.912589428747293,0.12133326814308333,-0.807656343,0.16677886988914326
PIDCplyr_63_inctvs_1450_,63,1450,17.253968253968253,17,4.707198991778289,0.7398316296161108,0.24456641782719712,0.1509907857653947
PIDCplyr_63_inctvs_500_,63,500,5.857142857142857,5,2.6358766672567713,0.5397786707565073,-0.428212068,0.2523336344474556
PIDCplyr_63_inctvs_550_,63,550,6.714285714285714,6,2.332847374079217,0.6693230722155031,1.2764999999999995,0.18897519606739466
PIDCplyr_63_inctvs_600_,63,600,7.0476190476190474,6,2.897336332414525,0.5165137695731501,-0.386418222,0.23015873015873023
PIDCplyr_63_inctvs_650_,63,650,7.920634920634921,8,2.841314178957064,0.7073050236645763,0.30499351311346956,0.19855584184241504
PIDCplyr_63_inctvs_700_,63,700,8.682539682539682,9,3.161401120085221,-0.214167343,-0.604763804,0.206610371
PIDCplyr_63_inctvs_750_,63,750,8.476190476190476,8,3.033449201644378,0.5726554657710061,-0.170851753,0.19915581713334518
PIDCplyr_63_inctvs_800_,63,800,9.174603174603174,9,3.302426633239023,-0.003188176,-0.872725008,0.20596473883671118
PIDCplyr_63_inctvs_850_,63,850,9.952380952380953,10,2.8026550418213643,-0.016078374,-0.28533374,0.15867952710057986
PIDCplyr_63_inctvs_900_,63,900,10.523809523809524,10,3.770634837110315,0.19967793674460876,-0.717730974,0.20402690990926275
PIDCplyr_63_inctvs_950_,63,950,11.365079365079366,11,3.9412413937565303,0.6793340018803298,0.9377013204998663,0.18989979604504714
PIDCplyr_63_inctvs_1000_,63,1000,11.936507936507937,12,3.804229125,0.42084068155590865,-0.093379946,0.1786558595069232
PIDCplyr_63_inctvs_1050_,63,1050,12.301587301587302,11,3.697424761,1.4338375774030936,3.0925716699801304,0.15676395289298495
PIDCplyr_63_inctvs_1100_,63,1100,12.841269841269842,12,4.087170594294815,0.3053433390564626,-0.152940714,0.1785469028979536
PIDCplyr_63_inctvs_1150_,63,1150,14.015873015873016,14,4.025679726,0.31102997943133553,-0.428873602,0.1622535008718473
PIDCplyr_63_inctvs_1200_,63,1200,14,13,4.235151465592221,0.12161176571180543,-0.310177774,0.17075189864305507
PIDCplyr_63_inctvs_1250_,63,1250,15.34920634920635,14,4.2915891538399284,0.1055799502695027,0.3221485213179851,0.15485628929269035
PIDCplyr_63_inctvs_1300_,63,1300,15.428571428571429,15,4.6452374850503615,0.6949003041244292,0.7951813551424904,0.1659807956104251
PIDCplyr_63_inctvs_1350_,63,1350,16.063492063492063,16,4.407328009854151,0.4992888247001011,0.33361987739783405,0.1533659577137838
PIDCplyr_63_inctvs_1400_,63,1400,16.952380952380953,16,5.686041308295007,0.8169805896759068,0.9069532514061978,0.18319362701385178
PIDCplyr_63_inctvs_1450_,63,1450,17.77777777777778,18,4.099726837,0.18580706001310787,-0.427674401,0.1301303854875282
PIDCplyr_48_inctvs_500_,48,500,6.791666666666667,7,2.2909089656485455,0.037915883315182114,-0.293341521,0.1883946830265848
PIDCplyr_48_inctvs_550_,48,550,7.270833333333333,7,2.7744337510362165,0.4505381512594734,0.6236235070890248,0.20493075453677156
PIDCplyr_48_inctvs_600_,48,600,8.125,8,2.9483399283890814,0.004420032,-0.798709488,0.20673076923076916
PIDCplyr_48_inctvs_650_,48,650,9.5,10,3.9791121287711073,0.10118628626625696,-0.470941828,0.2369334795321636
PIDCplyr_48_inctvs_700_,48,700,9.5625,9,3.3844389613839003,0.053013798,-0.764540068,0.20175199709513425
PIDCplyr_48_inctvs_750_,48,750,10.770833333333334,10,3.3431496086109513,0.12958082831910267,-0.347105429,0.17339619600257894
PIDCplyr_48_inctvs_800_,48,800,10.875,10.5,3.876343852996876,0.5216952986221842,0.012092668406777474,0.19891443167305223
PIDCplyr_48_inctvs_850_,48,850,11.208333333333334,11,4.061805496191181,1.0167899,1.913657643118265,0.19245662949194542
PIDCplyr_48_inctvs_900_,48,900,11.833333333333334,12,3.980856970832062,-0.174182999,-0.045776073,0.18852699530516426
PIDCplyr_48_inctvs_950_,48,950,12.833333333333334,13,4.642796092394706,-0.033816199,-0.978585995,0.20738636363636354
PIDCplyr_48_inctvs_1000_,48,1000,13.895833333333334,13,3.536945382514252,-0.185179642,0.04979716,0.14152298850574707
PIDCplyr_48_inctvs_1050_,48,1050,14.416666666666666,14,5.007633062524539,0.9546120947593437,0.809577891,0.1877408477842003
PIDCplyr_48_inctvs_1100_,48,1100,15.395833333333334,15,4.720255922322668,0.6073466102731323,1.183491703625787,0.16522891294542164
PIDCplyr_48_inctvs_1150_,48,1150,16.604166666666668,16,4.280476917224164,0.7656499907331158,0.2499669950931227,0.142069218
PIDCplyr_48_inctvs_1200_,48,1200,15.166666666666666,14.5,5.785518319236594,0.6438071314352368,1.0296723541261352,0.20907738095238093
PIDCplyr_48_inctvs_1250_,48,1250,16.875,16.5,5.333170570433064,0.6916612610510587,0.6922696441390728,0.1723765432098765
PIDCplyr_48_inctvs_1300_,48,1300,17.458333333333332,18,4.690230686105843,0.3330631942670138,-0.598927349,0.15234685759745425
PIDCplyr_48_inctvs_1350_,48,1350,18.645833333333332,18,4.337287859045353,0.15538127437643723,-0.266908134,0.13042364990689015
PIDCplyr_48_inctvs_1400_,48,1400,19.5,19,3.9633739835313717,-0.121470334,-0.903932343,0.11596331908831914
PIDCplyr_48_inctvs_1450_,48,1450,19.458333333333332,20,4.690230686105843,-0.072793028,-0.368476034,0.13628658101356161
PIDCplyr_48_inctvs_500_,48,500,6.645833333333333,6,2.577867201,0.6056868103430635,0.3559465646409832,0.21270898641588287
PIDCplyr_48_inctvs_550_,48,550,7.5,7,2.8210518133017928,0.48717486976237756,0.6051643321180893,0.20729166666666665
PIDCplyr_48_inctvs_600_,48,600,8.208333333333334,8,2.985788096224438,0.5683149122933954,1.5300304059146939,0.19194162436548212
PIDCplyr_48_inctvs_650_,48,650,8.604166666666666,9,2.877640695469506,0.27800567250800595,-0.537371323,0.18931598062953992
PIDCplyr_48_inctvs_700_,48,700,9.333333333333334,8.5,3.5492565731744756,1.0780192334758407,1.5720106631139155,0.20359002976190477
PIDCplyr_48_inctvs_750_,48,750,10.541666666666666,10,3.1817077001020833,-0.28928208,0.017135540792988735,0.1683959156785242
PIDCplyr_48_inctvs_800_,48,800,10.625,10,2.6110741723155497,0.5602130517447875,0.6228688850357846,0.13366013071895422
PIDCplyr_48_inctvs_850_,48,850,11.8125,11,4.2703251730205904,0.42636049744301685,-0.156509035,0.20307907113462664
PIDCplyr_48_inctvs_900_,48,900,12.333333333333334,12,4.109609335312651,0.5353573708863072,0.41888850415512424,0.18398085585585577
PIDCplyr_48_inctvs_950_,48,950,12.958333333333334,12.5,3.3163630514298177,0.8693311263666658,2.1125238383867293,0.137660772
PIDCplyr_48_inctvs_1000_,48,1000,13.645833333333334,13,4.002549100954985,0.29961326633510477,0.16882861208748823,0.16307251908396936
PIDCplyr_48_inctvs_1050_,48,1050,13.979166666666666,14,3.520710057013437,0.11179698224597422,0.5114509622078116,0.13776080476900132
PIDCplyr_48_inctvs_1100_,48,1100,15.3125,15,4.903894073420972,0.2934952990522451,-0.194381437,0.17996031746031738
PIDCplyr_48_inctvs_1150_,48,1150,14.770833333333334,15,3.7872570512472774,0.011853399588652959,-0.389968329,0.1443641278796426
PIDCplyr_48_inctvs_1200_,48,1200,16.041666666666668,15.5,4.025741822598938,0.2722991396226645,0.24792015581424298,0.13890692640692637
PIDCplyr_48_inctvs_1250_,48,1250,16.6875,16.5,5.616776396059695,0.14556755617467454,-0.44607047,0.1905690803162713
PIDCplyr_48_inctvs_1300_,48,1300,17.270833333333332,17,4.910615980257014,0.523861419,0.058711253,0.15900180940892628
PIDCplyr_48_inctvs_1350_,48,1350,18.041666666666668,18,5.326655976209548,0.725313231,1.030297841338788,0.1628656658968437
PIDCplyr_48_inctvs_1400_,48,1400,19.125,18.5,5.126016159423092,0.43168699059323695,-0.355264385,0.15150689905591863
PIDCplyr_48_inctvs_1450_,48,1450,19.375,18,5.1664986531821855,0.7825368554515969,0.5791750243902443,0.14775985663082425
PIDCplyr_48_inctvs_500_,48,500,7,7,2.7613402542968153,0.023747081,-0.125503897,0.2198660714285714
PIDCplyr_48_inctvs_550_,48,550,7.854166666666667,7,3.5531065241872812,0.8862835894335183,1.0875675533022902,0.24751326259946937
PIDCplyr_48_inctvs_600_,48,600,8.479166666666666,8,3.3165593575605157,0.5635107330875223,0.19960754087428834,0.21565315315315314
PIDCplyr_48_inctvs_650_,48,650,9,8.5,3.3478849044334447,0.7228666511915001,0.5060875333397816,0.20399305555555558
PIDCplyr_48_inctvs_700_,48,700,9.3125,9,2.807402788462437,0.3510740656704994,-0.6674878,0.1703486204325131
PIDCplyr_48_inctvs_750_,48,750,10.25,10,3.8649062084350767,0.071992091,-0.736786821,0.21468495934959342
PIDCplyr_48_inctvs_800_,48,800,10.104166666666666,10,3.190086096887599,-0.345060154,-0.359681889,0.1771048109965635
PIDCplyr_48_inctvs_850_,48,850,11.125,11,3.3393175450481896,-0.092209518,-0.860096935,0.1716604244694132
PIDCplyr_48_inctvs_900_,48,900,11.875,11.5,4.2161643310794545,0.8378348613965133,0.9321833437223055,0.19371345029239762
PIDCplyr_48_inctvs_950_,48,950,13.208333333333334,13,3.547054725,-0.163334011,-0.355148324,0.1518138801261829
PIDCplyr_48_inctvs_1000_,48,1000,13.4375,13,3.4514866965797024,0.1998763252749799,-0.759172291,0.14641472868217054
PIDCplyr_48_inctvs_1050_,48,1050,14.166666666666666,13,4.058598553961974,0.8346667564117118,0.20196844012068782,0.15674019607843137
PIDCplyr_48_inctvs_1100_,48,1100,15.458333333333334,15.5,4.212868843,0.43744421543997214,0.4002413402105369,0.15161725067385445
PIDCplyr_48_inctvs_1150_,48,1150,15.333333333333334,15,4.593171259840223,0.24198463021008698,-0.255930043,0.1669497282608695
PIDCplyr_48_inctvs_1200_,48,1200,16.645833333333332,15.5,4.854077252395373,0.7353188537189674,0.28156660193653815,0.16173863162286184
PIDCplyr_48_inctvs_1250_,48,1250,17,17,4.582575695,0.4273433683788184,-0.591269841,0.15252246732026142
PIDCplyr_48_inctvs_1300_,48,1300,17.708333333333332,17,4.817322619694702,0.5090978764771934,-0.650918207,0.1536274509803921
PIDCplyr_48_inctvs_1350_,48,1350,18.1875,18,4.096015594452736,0.19453727366535722,-0.202295492,0.1265511645666284
PIDCplyr_48_inctvs_1400_,48,1400,18.583333333333332,18.5,4.936401073206629,0.10383813516447356,-0.519045558,0.1503176382660687
PIDCplyr_48_inctvs_1450_,48,1450,19.6875,19,5.2526035211121735,1.1701990007535181,3.0181221096457005,0.14133597883597881
PIDCplyr_42_inctvs_500_,42,500,7.476190476190476,7.5,2.7363348378206935,0.716100462,0.5692117656424669,0.20124355474673938
PIDCplyr_42_inctvs_550_,42,550,7.857142857142857,8,2.5687817065259386,0.091159125,-0.064068445,0.18181818181818177
PIDCplyr_42_inctvs_600_,42,600,8.404761904761905,8,3.192696455599306,0.6352952865995914,-0.187153022,0.20835019560232027
PIDCplyr_42_inctvs_650_,42,650,9.19047619,9,2.259773431943747,0.1963240951575413,-0.621743372,0.13829262274858134
PIDCplyr_42_inctvs_700_,42,700,10.119047619047619,10,3.1030122151316513,0.2856853962090554,-0.295275287,0.17159663865546215
PIDCplyr_42_inctvs_750_,42,750,10.30952380952381,10,3.2033323069080306,0.2532033159061454,0.17070129252009902,0.1724953260750025
PIDCplyr_42_inctvs_800_,42,800,10.714285714285714,10,3.917516914514882,0.7157955915892366,1.0186912913082846,0.1986243386243386
PIDCplyr_42_inctvs_850_,42,850,12.738095238095237,13,3.4987040036584145,-0.061317449,-0.178320433,0.15465064530485084
PIDCplyr_42_inctvs_900_,42,900,12.738095238095237,13,4.2987236411882375,0.24624797338206914,0.49493319515090395,0.18553627058299949
PIDCplyr_42_inctvs_950_,42,950,14.571428571428571,14,4.5677068183314145,0.3767433838989594,-0.347998493,0.17647058823529405
PIDCplyr_42_inctvs_1000_,42,1000,13.452380952380953,14,3.880368054170592,-0.182216229,-0.996294191,0.1648124736620311
PIDCplyr_42_inctvs_1050_,42,1050,15.071428571428571,14,4.0789404386483525,0.41793589431865025,-0.622852608,0.1516963815542014
PIDCplyr_42_inctvs_1100_,42,1100,15.452380952380953,16,3.793493056,0.13295855381872287,-0.312236791,0.13819796023185837
PIDCplyr_42_inctvs_1150_,42,1150,16.547619047619047,15.5,4.726835148547276,0.5136608755928659,-0.72993576,0.16159643713600536
PIDCplyr_42_inctvs_1200_,42,1200,17.357142857142858,16,5.331047554394059,0.7892337192202341,0.09727892,0.16921418773270636
PIDCplyr_42_inctvs_1250_,42,1250,17.547619047619047,17,5.233601968927423,0.5438103472793837,0.6073744926151678,0.16459908250953015
PIDCplyr_42_inctvs_1300_,42,1300,18.333333333333332,19,4.422166387140533,0.14402550834741468,-0.399239965,0.13661100803957948
PIDCplyr_42_inctvs_1350_,42,1350,19.523809523809526,19.5,5.521551262523169,0.18864869908530102,0.078142747,0.1578397212543553
PIDCplyr_42_inctvs_1400_,42,1400,19.80952380952381,19,4.6865465772636545,0.2533800193057407,-0.583647383,0.13415750915750912
PIDCplyr_42_inctvs_1450_,42,1450,20.142857142857142,20,5.771735022509958,-0.076497615,-0.376038073,0.16176967240797013
PIDCplyr_35_inctvs_500_,35,500,7.914285714285715,8,2.921559549980392,0.45582480548620724,0.4033313498207831,0.20299123259412066
PIDCplyr_35_inctvs_550_,35,550,8.628571428571428,8,3.578393209135027,0.020068476376369385,-0.501707486,0.23405865657521285
PIDCplyr_35_inctvs_600_,35,600,9.571428571428571,9,3.555966529536474,0.1745970835407222,-0.343385912,0.2081023454157782
PIDCplyr_35_inctvs_650_,35,650,9.885714285714286,10,2.470065685320113,0.07444465,-0.725634004,0.1421965317919074
PIDCplyr_35_inctvs_700_,35,700,10.82857142857143,11,2.8534261539991763,0.032876134,-0.826934529,0.149868074
PIDCplyr_35_inctvs_750_,35,750,11.485714285714286,11,4.149846321226356,1.254035578603145,1.7732016173531218,0.19004975124378098
PIDCplyr_35_inctvs_800_,35,800,12.342857142857143,12,3.134534434720566,0.5166223226361799,0.164824321,0.14113756613756612
PIDCplyr_35_inctvs_850_,35,850,12.657142857142857,13,3.3290312374010305,-0.503081736,0.2733039543594731,0.14459851660754586
PIDCplyr_35_inctvs_900_,35,900,14.114285714285714,13,3.187219375402135,0.1288812552075513,-0.588591993,0.1278195488721804
PIDCplyr_35_inctvs_950_,35,950,14.428571428571429,15,4.156136353364156,-0.314031559,0.033619984,0.1593210749646392
PIDCplyr_35_inctvs_1000_,35,1000,15.285714285714286,15,4.513924036144343,0.3404453626577074,-0.04252766,0.16502002670226967
PIDCplyr_35_inctvs_1050_,35,1050,16.057142857142857,16,4.167512839249103,0.41675075362754865,-0.030575059,0.14468734112862203
PIDCplyr_35_inctvs_1100_,35,1100,17.37142857142857,17,5.105099491324976,-0.103766696,-0.157991983,0.16541353383458646
PIDCplyr_35_inctvs_1150_,35,1150,17.65714285714286,17,5.198586935163148,0.29453780103470856,-0.186204032,0.1638465094775774
PIDCplyr_35_inctvs_1200_,35,1200,18.914285714285715,18,4.325151878895145,0.043570088,-0.497072813,0.12835563228312463
PIDCplyr_35_inctvs_1250_,35,1250,18.82857142857143,19,5.045426298,0.4209679643603883,-0.202552816,0.14966399306308265
PIDCplyr_35_inctvs_1300_,35,1300,20.857142857142858,21,5.094214405397879,0.7444058205379767,0.6586564907068939,0.13369863013698624
PIDCplyr_35_inctvs_1350_,35,1350,20.65714285714286,20,4.194846206224676,0.097111906,-0.574992172,0.11460185734044648
PIDCplyr_35_inctvs_1400_,35,1400,21.085714285714285,20,4.6865852849012635,0.518849822,-0.188571866,0.12264808362369328
PIDCplyr_35_inctvs_1450_,35,1450,21.857142857142858,21,4.697372257171979,0.2602415090229127,0.5114650429518237,0.11831932773109244
PIDCplyr_35_inctvs_500_,35,500,7.742857142857143,7,3.1563347382037663,0.5148076227925613,-0.301117321,0.22941486557722712
PIDCplyr_35_inctvs_550_,35,550,8.657142857142857,9,3.679618436296717,0.23560906890571107,-0.654894006,0.24158415841584147
PIDCplyr_35_inctvs_600_,35,600,9.571428571428571,9,3.1648580585252546,0.3140937616044269,-0.538647545,0.1869509594882729
PIDCplyr_35_inctvs_650_,35,650,10.285714285714286,10,3.2122215594411876,0.030715927732410678,-0.236436093,0.17523809523809508
PIDCplyr_35_inctvs_700_,35,700,10.371428571428572,10,4.316650251,0.19341503472199553,-1.050436094,0.23801652892561975
PIDCplyr_35_inctvs_750_,35,750,11.342857142857143,10,4.049288171256468,0.8943460408015625,0.6521831014618806,0.19215545160129544
PIDCplyr_35_inctvs_800_,35,800,12.257142857142858,11,4.258389079337444,0.1815899559376188,-0.184868265,0.192074592
PIDCplyr_35_inctvs_850_,35,850,12.914285714285715,12,4.674376527235193,0.45365261171854854,-0.228441515,0.2032869785082173
PIDCplyr_35_inctvs_900_,35,900,13.571428571428571,13,3.6354265954097116,0.36778867685131095,0.2600525110819203,0.14784962406015034
PIDCplyr_35_inctvs_950_,35,950,14.771428571428572,15,4.078415058298395,0.010790898,-0.873003408,0.1568389057750761
PIDCplyr_35_inctvs_1000_,35,1000,15.914285714285715,16,3.4917979697033577,0.3293443194094993,0.030570641844409607,0.12239035650166707
PIDCplyr_35_inctvs_1050_,35,1050,15.428571428571429,15,4.6921558510574055,0.17576694212301494,-0.606318436,0.1723809523809524
PIDCplyr_35_inctvs_1100_,35,1100,16.65714285714286,15,3.430475661669402,0.5173978474292498,-0.546673365,0.11516785101690763
PIDCplyr_35_inctvs_1150_,35,1150,17.34285714285714,18,4.361800788945889,-0.20944391,-0.28984125,0.14130383619675213
PIDCplyr_35_inctvs_1200_,35,1200,16.857142857142858,16,4.997958767010258,1.0842521660676385,1.0911220043572962,0.15845036319612593
PIDCplyr_35_inctvs_1250_,35,1250,18.057142857142857,18,3.1070689646386045,-0.018983755,-0.630853832,0.097106691
PIDCplyr_35_inctvs_1300_,35,1300,19.885714285714286,19,4.546718933607452,1.0207852136978577,1.056709318,0.12266009852216742
PIDCplyr_35_inctvs_1350_,35,1350,20.485714285714284,22,4.935998544636441,-0.330609008,-0.687767676,0.13564455070731218
PIDCplyr_35_inctvs_1400_,35,1400,21.914285714285715,22,4.448893464809479,-0.172892472,0.18394530589217784,0.11219966474203746
PIDCplyr_35_inctvs_1450_,35,1450,22.17142857142857,23,3.2380392152016433,-0.042839238,-0.541837411,0.082326951
PIDCplyr_35_inctvs_500_,35,500,7,7,2.596701204000403,-0.264351045,-0.717609882,0.2101457725947521
PIDCplyr_35_inctvs_550_,35,550,8.771428571428572,8,2.8494181289290252,0.3276161047354705,-0.193458167,0.18203815728245687
PIDCplyr_35_inctvs_600_,35,600,9,9,3.277629805645711,0.7108146350236074,0.034178361,0.20154195011337872
PIDCplyr_35_inctvs_650_,35,650,9.742857142857142,9,3.092320969691186,0.8732559914718722,0.19260748073814105,0.17327188940092164
PIDCplyr_35_inctvs_700_,35,700,11.542857142857143,11,3.064477183495296,0.9829861294748116,0.5548812555492608,0.13960396039603962
PIDCplyr_35_inctvs_750_,35,750,10.914285714285715,11,2.832176634639146,-0.395901961,0.9400904664425811,0.14046372475691837
PIDCplyr_35_inctvs_800_,35,800,13.285714285714286,14,4.644944585684703,0.27480877726997494,-0.203006206,0.19563748079877108
PIDCplyr_35_inctvs_850_,35,850,12.971428571428572,13,3.5253021291856412,0.16061247268495285,-0.648228165,0.1541850220264318
PIDCplyr_35_inctvs_900_,35,900,13.342857142857143,13,2.965928976539653,-0.269493989,-0.758127853,0.12591006423982876
PIDCplyr_35_inctvs_950_,35,950,13.457142857142857,13,3.9809751651204914,0.39486840754670927,-0.507544713,0.1647558386411888
PIDCplyr_35_inctvs_1000_,35,1000,14.657142857142857,14,3.9056212759329862,0.9200993843531686,0.29870919840224364,0.14413812308549145
PIDCplyr_35_inctvs_1050_,35,1050,16.542857142857144,16,4.746986154500601,0.5114933467492279,-0.664704525,0.16215149272144103
PIDCplyr_35_inctvs_1100_,35,1100,16.02857142857143,16,4.378425772454976,0.095134958,0.7064464116818541,0.14800101858925396
PIDCplyr_35_inctvs_1150_,35,1150,17.142857142857142,17,4.113690433125934,-0.011056432,0.007091731,0.1335238095238095
PIDCplyr_35_inctvs_1200_,35,1200,17.714285714285715,16,5.454075428109718,0.4503367519418844,-0.464052301,0.17308755760368655
PIDCplyr_35_inctvs_1250_,35,1250,19.285714285714285,19,4.475785189352197,0.029381529349164028,-0.965578876,0.13265608465608458
PIDCplyr_35_inctvs_1300_,35,1300,18.857142857142858,19,4.230115548187828,-0.430493569,0.4024875626032278,0.12389610389610395
PIDCplyr_35_inctvs_1350_,35,1350,20.685714285714287,20,5.428872172120513,0.6647514451612113,0.2868316406664069,0.14246250986582465
PIDCplyr_35_inctvs_1400_,35,1400,21.34285714285714,23,5.301982686520511,0.041520327,0.19619763000091828,0.1360107095046854
PIDCplyr_35_inctvs_1450_,35,1450,23.085714285714285,22,5.977918551141495,0.018371182,-0.709394131,0.1473833097595474
PIDCplyr_30_inctvs_500_,30,500,7.966666666666667,8,2.536182608216968,-0.072951199,-0.712743336,0.1806136680613667
PIDCplyr_30_inctvs_550_,30,550,8.466666666666667,9,2.276449477195183,-0.02458866,0.5569200533115231,0.1459317585301836
PIDCplyr_30_inctvs_600_,30,600,9.433333333333334,9,2.201262264146541,0.39870670741917047,-0.147827245,0.13015312131919898
PIDCplyr_30_inctvs_650_,30,650,10.666666666666666,11,3.2180049029725786,0.19383072137487073,-0.641096723,0.17145833333333316
PIDCplyr_30_inctvs_700_,30,700,11.5,11,2.9410882339705484,-0.047169045,-0.761869758,0.14521739130434785
PIDCplyr_30_inctvs_750_,30,750,11.233333333333333,10.5,3.0075830089218747,0.1429407715929552,-1.111601761,0.15281899109792274
PIDCplyr_30_inctvs_800_,30,800,13.433333333333334,13,4.232283334350646,0.19345932643026909,-0.941507978,0.17990074441687343
PIDCplyr_30_inctvs_850_,30,850,14.4,14,3.954743986657038,-0.026385482,-0.212819121,0.1532407407407408
PIDCplyr_30_inctvs_900_,30,900,14.466666666666667,14,3.2221455929585527,0.066658411,-0.914251619,0.12688172043010748
PIDCplyr_30_inctvs_950_,30,950,15.6,15.5,4.834597535817571,0.18329096527554162,-0.792823581,0.17678062678062678
PIDCplyr_30_inctvs_1000_,30,1000,17.1,17.5,5.166236541235796,0.2370929441133165,0.37193953978915806,0.16666666666666674
PIDCplyr_30_inctvs_1050_,30,1050,17.4,17,4.192055979269997,0.736380893,0.4351191970175994,0.13192848020434234
PIDCplyr_30_inctvs_1100_,30,1100,18.533333333333335,19,4.129030017920539,-0.154791316,-0.167175901,0.12434052757793768
PIDCplyr_30_inctvs_1150_,30,1150,17.766666666666666,17,4.6092901357536125,0.8889409641418656,0.6962829657741518,0.1412757973733585
PIDCplyr_30_inctvs_1200_,30,1200,20,19.5,4.234776656841932,0.2080489630474022,-0.119650088,0.11844444444444435
PIDCplyr_30_inctvs_1250_,30,1250,18.666666666666668,19.5,4.914830165484415,-0.115740299,-0.408306244,0.1484523809523811
PIDCplyr_30_inctvs_1300_,30,1300,21.5,22.5,5.149433625814266,-0.423301146,-1.033760377,0.1352454780361757
PIDCplyr_30_inctvs_1350_,30,1350,21.5,21,5.743111816,0.17790497176924985,-0.690692902,0.15209302325581386
PIDCplyr_30_inctvs_1400_,30,1400,22.066666666666666,21.5,4.8299988497813215,0.19525101348934484,-0.667846448,0.1241691842900301
PIDCplyr_30_inctvs_1450_,30,1450,22.866666666666667,23,5.667058809960909,0.3259066891257411,0.3243286287661449,0.13702623906705547
PIDCplyr_30_inctvs_500_,30,500,8.633333333333333,8.5,2.9380643665893746,0.022792899,0.19710493969409892,0.18674388674388687
PIDCplyr_30_inctvs_550_,30,550,9.566666666666666,10,2.485737091666955,0.23963605934051482,-0.167278017,0.1452961672473867
PIDCplyr_30_inctvs_600_,30,600,8.9,9.5,2.413158373031769,-0.210067505,-0.974031859,0.1531835205992509
PIDCplyr_30_inctvs_650_,30,650,10.7,10,3.2264531609803355,0.15767828300534875,-0.833073571,0.17123572170301138
PIDCplyr_30_inctvs_700_,30,700,11.533333333333333,12,3.639902318591653,0.260933038,-0.750871588,0.17899807321772643
PIDCplyr_30_inctvs_750_,30,750,12.033333333333333,12,3.361381990921128,0.2923497107233396,-0.301182665,0.15632502308402574
PIDCplyr_30_inctvs_800_,30,800,13.4,13,2.9393876913398134,0.39249797061571984,-0.731652949,0.12354892205638457
PIDCplyr_30_inctvs_850_,30,850,13.9,14,4.109744517606903,-0.127237341,-0.058409497,0.1629896083133493
PIDCplyr_30_inctvs_900_,30,900,15.766666666666667,16,4.240151988890125,0.42192356518637564,0.7674046306109297,0.14637068357998595
PIDCplyr_30_inctvs_950_,30,950,15.566666666666666,16,4.038839217178894,0.2011753868938286,-0.43145783,0.1462526766595289
PIDCplyr_30_inctvs_1000_,30,1000,14.9,15,3.5716476123305707,0.3627559068662674,0.11315949981732132,0.1317673378076063
PIDCplyr_30_inctvs_1050_,30,1050,17.466666666666665,18,4.349201714746691,0.069082623,-0.801663794,0.14033078880407124
PIDCplyr_30_inctvs_1100_,30,1100,16.833333333333332,17,3.246365489,0.28957947973912584,-0.61394889,0.10884488448844865
PIDCplyr_30_inctvs_1150_,30,1150,18.1,17.5,5.088221693283421,0.4989749817175307,-0.377779479,0.15770411295273168
PIDCplyr_30_inctvs_1200_,30,1200,20.366666666666667,21,5.350908541754589,0.014502637520357712,-0.842907835,0.1486633933442445
PIDCplyr_30_inctvs_1250_,30,1250,19.966666666666665,18,5.425147207424166,0.5029613864378838,-0.600310052,0.15208681135225366
PIDCplyr_30_inctvs_1300_,30,1300,21.233333333333334,20.5,3.963864556493097,0.23798663047046667,0.5418770927517116,0.099686028
PIDCplyr_30_inctvs_1350_,30,1350,22.366666666666667,22,4.045436386294506,0.6572724762156854,0.25076883518225346,0.099602583
PIDCplyr_30_inctvs_1400_,30,1400,22,21,4.795831523312719,0.3608205947596337,-1.22268431,0.12343434343434334
PIDCplyr_30_inctvs_1450_,30,1450,23.133333333333333,22,4.551434450319543,0.8213855398277774,1.1227646811696115,0.10557156580211324
PIDCplyr_30_inctvs_500_,30,500,8.233333333333333,8,2.629110538228133,0.19710971253720827,0.050775485731691994,0.17719298245614024
PIDCplyr_30_inctvs_550_,30,550,8.4,9,3.302524287,0.12348855767004806,-0.277518068,0.22010582010582014
PIDCplyr_30_inctvs_600_,30,600,9.233333333333333,9.5,3.2932591084753042,-0.116785649,-1.183673738,0.20397111913357402
PIDCplyr_30_inctvs_650_,30,650,11.2,12,3.6,-0.479766804,-0.362520957,0.17956349206349198
PIDCplyr_30_inctvs_700_,30,700,10.833333333333334,10,3.830433685918896,0.7860019272923165,0.2540060540100968,0.19333333333333325
PIDCplyr_30_inctvs_750_,30,750,12.666666666666666,13,4.149966533,-0.0430111,-0.930780437,0.18736842105263163
PIDCplyr_30_inctvs_800_,30,800,12.566666666666666,12,4.294828932047882,0.9571670695631407,1.3994136742146992,0.1827586206896552
PIDCplyr_30_inctvs_850_,30,850,14.566666666666666,14.5,3.8616346567512343,0.31664062623764494,-0.027224394,0.14759725400457668
PIDCplyr_30_inctvs_900_,30,900,13.866666666666667,13,3.6581719782183866,0.899242206,1.0665337469023406,0.14375000000000004
PIDCplyr_30_inctvs_950_,30,950,14.866666666666667,14,3.5752233807445126,0.11339180150770675,0.1545080286520637,0.13139013452914783
PIDCplyr_30_inctvs_1000_,30,1000,15.233333333333333,15.5,4.828273213,-0.103928188,-0.978384725,0.1815463165572575
PIDCplyr_30_inctvs_1050_,30,1050,17.066666666666666,16,4.242116871982142,0.4226824251699706,0.32669043535045983,0.1361979166666667
PIDCplyr_30_inctvs_1100_,30,1100,18,17,4.343577634469846,0.7077587200468416,0.21074055113686008,0.13382716049382715
PIDCplyr_30_inctvs_1150_,30,1150,18.066666666666666,18,5.732558087,0.89122958,1.0380730005811447,0.1715867158671588
PIDCplyr_30_inctvs_1200_,30,1200,19.2,20,4.686149805543993,-0.598438313,0.2697204057053564,0.1348379629629629
PIDCplyr_30_inctvs_1250_,30,1250,20.066666666666666,21,5.322488974989886,-0.748104912,-0.288489263,0.14629014396456252
PIDCplyr_30_inctvs_1300_,30,1300,21.233333333333334,22,5.475298063931213,0.062356515,-0.628792565,0.14552590266875975
PIDCplyr_30_inctvs_1350_,30,1350,22.066666666666666,21.5,6.142384625606646,0.204192201,-1.14979583,0.15911379657603208
PIDCplyr_30_inctvs_1400_,30,1400,23.4,23.5,4.446721638840612,0.011464119400510014,-1.027256536,0.10845204178537515
PIDCplyr_30_inctvs_1450_,30,1450,24.8,23,5.594044452212847,0.5437336516150633,-0.15833138,0.12392473118279579
PIDCplyr_24_inctvs_500_,24,500,9.541666666666666,9,2.7835703491898474,0.34967860366378667,-0.593513957,0.16502911208151383
PIDCplyr_24_inctvs_550_,24,550,9.041666666666666,8.5,3.0479387388127663,1.0376199382168365,1.0125943655408989,0.18183563748079867
PIDCplyr_24_inctvs_600_,24,600,10.125,9.5,3.3205483984827966,0.313780258,-1.073071782,0.18638545953360763
PIDCplyr_24_inctvs_650_,24,650,10.75,11.5,3.418698582794336,-0.293291079,-0.839314822,0.18055555555555558
PIDCplyr_24_inctvs_700_,24,700,12.541666666666666,12.5,4.291262116855082,0.018456304941158883,-0.741013202,0.19532115171650055
PIDCplyr_24_inctvs_750_,24,750,12.583333333333334,12.5,3.4146335414246463,-0.113520682,-0.545958005,0.1525938189845475
PIDCplyr_24_inctvs_800_,24,800,13.916666666666666,13.5,3.5930101895516833,-0.077726473,-1.063871702,0.1479540918163672
PIDCplyr_24_inctvs_850_,24,850,13.75,14,3.981729105,0.21632979043052877,-0.304112612,0.16111111111111098
PIDCplyr_24_inctvs_900_,24,900,15,15,4.716990566028302,0.1643592218436828,0.6515591465724024,0.17222222222222228
PIDCplyr_24_inctvs_950_,24,950,16.541666666666668,17,3.968408231128558,-0.311353236,-0.827118944,0.13612510495382035
PIDCplyr_24_inctvs_1000_,24,1000,17.25,18.5,3.3322915038553673,-0.461964274,-0.695972037,0.10809178743961345
PIDCplyr_24_inctvs_1050_,24,1050,17.375,18,3.860186739869804,-0.007673854,-0.878269527,0.12619904076738597
PIDCplyr_24_inctvs_1100_,24,1100,18.333333333333332,19,4.179978734661484,-0.440563827,-0.648625901,0.12670454545454535
PIDCplyr_24_inctvs_1150_,24,1150,20.208333333333332,19.5,5.9929066867051715,0.370536964,-0.500435987,0.16778350515463913
PIDCplyr_24_inctvs_1200_,24,1200,20.041666666666668,21,5.020617215,-0.12926815,0.1732128190576545,0.13712751212751206
PIDCplyr_24_inctvs_1250_,24,1250,20.583333333333332,21,4.881228215202491,0.831358212,1.2290152679790225,0.12702429149797567
PIDCplyr_24_inctvs_1300_,24,1300,20.75,20.5,4.745612008301283,0.35467790757778234,-0.02370608,0.12801204819277112
PIDCplyr_24_inctvs_1350_,24,1350,22.333333333333332,22,4.642796092394707,0.074848988,-0.824569561,0.11800373134328346
PIDCplyr_24_inctvs_1400_,24,1400,23.25,23,5.621758325,-0.047665351,-0.949307106,0.13814217443249688
PIDCplyr_24_inctvs_1450_,24,1450,26.75,27.5,5.463896655928502,-0.308629996,-0.546904317,0.11565420560747663
PIDCplyr_24_inctvs_500_,24,500,8.75,8.5,2.817356917396161,0.2221884803104915,-1.182838366,0.18293650793650795
PIDCplyr_24_inctvs_550_,24,550,8.75,8,2.875905654456233,0.9971669904937167,0.8950377199271609,0.1777777777777778
PIDCplyr_24_inctvs_600_,24,600,9.958333333333334,9,3.7134795752172325,1.0678307901784576,0.9900767379006861,0.19368898186889827
PIDCplyr_24_inctvs_650_,24,650,11.291666666666666,11,2.6375362030164102,0.2686809322551053,0.20765818539791514,0.12961254612546114
PIDCplyr_24_inctvs_700_,24,700,12.125,12,3.4798527267687636,0.381643886,-0.340721748,0.161082474
PIDCplyr_24_inctvs_750_,24,750,13.875,13,4.630627207337396,1.4620133645227518,2.573268807468976,0.17229729729729726
PIDCplyr_24_inctvs_800_,24,800,13.708333333333334,14,4.276672837096094,0.022204466866480074,-0.898316075,0.17869807497467072
PIDCplyr_24_inctvs_850_,24,850,13.958333333333334,14,3.541176436659935,0.2764461451468767,-0.45019152,0.14291044776119388
PIDCplyr_24_inctvs_900_,24,900,15.541666666666666,15,3.4153961052205286,-0.453629754,0.9648150543313117,0.116733691
PIDCplyr_24_inctvs_950_,24,950,16.958333333333332,15.5,4.305801964275128,0.5765541553189348,-0.362691375,0.14056101556101552
PIDCplyr_24_inctvs_1000_,24,1000,17.541666666666668,17,4.966380025285575,0.6984116557293194,0.25398191802015235,0.15706650831353908
PIDCplyr_24_inctvs_1050_,24,1050,18.166666666666668,18,4.017323597731316,0.2597756834802564,-0.697385065,0.12461773700305812
PIDCplyr_24_inctvs_1100_,24,1100,19.375,18.5,5.793764608036241,0.2008325319624279,-0.427404192,0.1685483870967741
PIDCplyr_24_inctvs_1150_,24,1150,19,20,3.6514837167011076,-0.590513382,-0.5821875,0.10690789473684204
PIDCplyr_24_inctvs_1200_,24,1200,21.625,21.5,4.828841303390838,-0.169540545,-0.601448877,0.12676621708413605
PIDCplyr_24_inctvs_1250_,24,1250,19.333333333333332,19,4.579543888011362,-0.053891637,-0.85830446,0.13541666666666663
PIDCplyr_24_inctvs_1300_,24,1300,21.041666666666668,20.5,4.843201133777351,0.6677479642800035,-0.099171096,0.12747524752475248
PIDCplyr_24_inctvs_1350_,24,1350,23.041666666666668,23.5,6.809791765457215,0.17098245072777238,-0.397607131,0.16704339963833625
PIDCplyr_24_inctvs_1400_,24,1400,23.333333333333332,22.5,4.9972214501883165,0.35919107806639694,-0.471732898,0.12038690476190472
PIDCplyr_24_inctvs_1450_,24,1450,23.833333333333332,24,4.459696053419884,-0.1236504,-1.003403842,0.10693473193473191
PIDCplyr_20_inctvs_500_,20,500,8.8,9,2.2715633383201093,0.19656578373781286,-0.348296376,0.1443181818181818
PIDCplyr_20_inctvs_550_,20,550,9,9,4.098780306,1.2460152717110735,2.6760204081632653,0.23555555555555563
PIDCplyr_20_inctvs_600_,20,600,11.35,11.5,3.102821296820041,0.073587965,-1.075481445,0.15660792951541858
PIDCplyr_20_inctvs_650_,20,650,11.65,10.5,3.4680686267719674,0.7772726820653821,-0.046294777,0.16201716738197425
PIDCplyr_20_inctvs_700_,20,700,12.45,12,3.8661996844446613,0.4616670854253479,-0.282682145,0.17208835341365458
PIDCplyr_20_inctvs_750_,20,750,12.15,11.5,3.824591481452627,0.13163560179967365,-0.824602449,0.17921810699588492
PIDCplyr_20_inctvs_800_,20,800,13.65,13.5,2.987892233665732,0.4861120082143415,-0.580600862,0.12326007326007327
PIDCplyr_20_inctvs_850_,20,850,14.4,14.5,2.6720778431774774,-0.148438286,-1.419932679,0.10555555555555562
PIDCplyr_20_inctvs_900_,20,900,15.1,15,4.763402145525822,0.3875960576198287,0.4678642387353955,0.17218543046357626
PIDCplyr_20_inctvs_950_,20,950,16.35,16,3.9531632903283924,-0.037258373,-0.47328485,0.13593272171253845
PIDCplyr_20_inctvs_1000_,20,1000,16.9,18,4.369210454990696,-0.529588043,0.18165832985985375,0.14112426035502956
PIDCplyr_20_inctvs_1050_,20,1050,17.8,17.5,4.501110974,0.5358334899809557,0.7389728202664467,0.13370786516853939
PIDCplyr_20_inctvs_1100_,20,1100,17,17.5,4.979959839195493,0.026719997836474253,0.4283949011446406,0.1591176470588237
PIDCplyr_20_inctvs_1150_,20,1150,21.7,21,4.712748667179271,1.214443683826745,1.935163529495477,0.11474654377880178
PIDCplyr_20_inctvs_1200_,20,1200,20.9,21,3.590264614203248,0.3083072408681692,-0.332361734,0.094736842
PIDCplyr_20_inctvs_1250_,20,1250,21.1,20.5,6.284106937345991,0.18114165,-1.165935954,0.17037914691943135
PIDCplyr_20_inctvs_1300_,20,1300,22.05,23,4.842261868176896,-1.378093337,2.2478521358128907,0.11462585034013606
PIDCplyr_20_inctvs_1350_,20,1350,22.9,23,3.0967725134404045,0.073338152,-0.504616275,0.076200873
PIDCplyr_20_inctvs_1400_,20,1400,25.2,25,4.975942121849892,-1.078403684,1.2109374388311958,0.10555555555555551
PIDCplyr_20_inctvs_1450_,20,1450,27.7,28,5.386093203798093,-0.178328956,-0.358077146,0.10974729241877257
PIDCplyr_20_inctvs_500_,20,500,8.1,7.5,2.861817604250837,-0.036606772,-1.207234768,0.20061728395061718
PIDCplyr_20_inctvs_550_,20,550,10,9.5,3.331666249791536,0.008112165,-0.528609691,0.1875000000000001
PIDCplyr_20_inctvs_600_,20,600,10.45,10,3.6397115270306792,0.47026387178295737,0.020570025692500327,0.1925837320574164
PIDCplyr_20_inctvs_650_,20,650,10.9,10.5,4.311612227,0.1656584447098745,-0.861049903,0.22522935779816522
PIDCplyr_20_inctvs_700_,20,700,12.1,12,2.7910571473905725,0.21442039053285564,-0.922557968,0.13099173553719012
PIDCplyr_20_inctvs_750_,20,750,13.35,12,5.265690837867335,0.8608864748880867,0.5619588333433692,0.21329588014981282
PIDCplyr_20_inctvs_800_,20,800,13.35,13,4.475209492303126,0.8599867007857668,0.062335864768143345,0.18071161048689144
PIDCplyr_20_inctvs_850_,20,850,14.55,14,3.625948151863179,0.20746388215858172,-0.923498977,0.14209621993127164
PIDCplyr_20_inctvs_900_,20,900,16.55,16,4.067861846,0.4112173438875489,-0.917505154,0.13942598187311173
PIDCplyr_20_inctvs_950_,20,950,18,17,4.753945729601885,1.2034716556455551,1.5680946041193504,0.13916666666666677
PIDCplyr_20_inctvs_1000_,20,1000,17.2,17.5,3.893584466786357,-0.130517117,-1.079747426,0.1290697674418606
PIDCplyr_20_inctvs_1050_,20,1050,20.1,20,4.097560249709575,0.11573004687830846,-0.782197208,0.11542288557213942
PIDCplyr_20_inctvs_1100_,20,1100,19.15,19,4.860812689252693,-0.177500686,0.16357103489677716,0.13929503916449082
PIDCplyr_20_inctvs_1150_,20,1150,20.55,21,4.790354892907205,0.4259225760808568,-0.253441209,0.12956204379562042
PIDCplyr_20_inctvs_1200_,20,1200,21.7,23.5,5.814636704042653,0.21290701258114528,0.731258531,0.14239631336405534
PIDCplyr_20_inctvs_1250_,20,1250,20.9,23,5.521775077,-0.413117399,-1.26551189,0.14856459330143568
PIDCplyr_20_inctvs_1300_,20,1300,23.25,23.5,4.968651728587948,0.009935711,-0.955495594,0.12225806451612908
PIDCplyr_20_inctvs_1350_,20,1350,24.65,24,4.767336782733102,-0.106537034,-0.293197537,0.10841784989858017
PIDCplyr_20_inctvs_1400_,20,1400,24.4,23.5,5.508175741568165,0.42860719798452657,-0.644208094,0.1274590163934426
PIDCplyr_20_inctvs_1450_,20,1450,25.2,25,4.739198244429114,0.28669028629703847,-0.3287919,0.10476190476190472
PIDCplyr_20_inctvs_500_,20,500,8.1,8.5,3.315116890850155,-0.36774217,-0.684223643,0.23148148148148162
PIDCplyr_20_inctvs_550_,20,550,9.3,9,3.4655446902326914,0.064005856,-0.895108919,0.2118279569892474
PIDCplyr_20_inctvs_600_,20,600,11,11,3.605551275463989,0.2240135407832656,-0.072189349,0.1813636363636365
PIDCplyr_20_inctvs_650_,20,650,11.05,10.5,3.3387872049593095,0.27882838469332305,-1.025962545,0.1712669683257919
PIDCplyr_20_inctvs_700_,20,700,12.95,13,3.8532453853861943,-0.176936939,-0.969579171,0.16853281853281865
PIDCplyr_20_inctvs_750_,20,750,13.2,12.5,3.8418745424597094,0.9105903758897997,0.4836847555467436,0.15795454545454546
PIDCplyr_20_inctvs_800_,20,800,13.95,13.5,3.4709508783617204,0.21420484673777157,-0.880281462,0.14175627240143385
PIDCplyr_20_inctvs_850_,20,850,15.4,16,4.662617290749907,0.42073569595999455,-0.031982051,0.16785714285714282
PIDCplyr_20_inctvs_900_,20,900,15.85,15,3.4967842369811724,0.45503150805672166,-0.350895734,0.12318611987381711
PIDCplyr_20_inctvs_950_,20,950,15.45,13.5,4.2482349275905165,1.0759714182319715,0.550344542,0.1467637540453075
PIDCplyr_20_inctvs_1000_,20,1000,17.45,17.5,4.398579316097415,0.10269793872315866,-1.201378826,0.14398280802292263
PIDCplyr_20_inctvs_1050_,20,1050,19.75,20,3.6176649927819464,-0.095440625,-0.361556966,0.10265822784810141
PIDCplyr_20_inctvs_1100_,20,1100,19.35,20,4.162631379308046,0.068118488,-0.944923746,0.12235142118863052
PIDCplyr_20_inctvs_1150_,20,1150,21.05,20.5,4.811184885243967,0.23326275134599173,-0.962684833,0.13004750593824244
PIDCplyr_20_inctvs_1200_,20,1200,21.25,21.5,3.9226904032819108,-0.038207998,-0.481230545,0.10411764705882354
PIDCplyr_20_inctvs_1250_,20,1250,23.1,22,5.503635162326805,0.4049785899058159,-0.884129327,0.134848485
PIDCplyr_20_inctvs_1300_,20,1300,24.35,22.5,6.389640052459919,0.6130884839450019,-0.673256524,0.14466119096509256
PIDCplyr_20_inctvs_1350_,20,1350,23.55,23,6.453487429289686,1.678991456920328,3.5686890091538253,0.1383227176220807
PIDCplyr_20_inctvs_1400_,20,1400,24.8,25,5.4,-0.042524005,-1.007253863,0.12379032258064526
PIDCplyr_20_inctvs_1450_,20,1450,25.2,24.5,4.696807426326951,0.38949317425904834,-0.625121958,0.10496031746031742
PIDCplyr_20_inctvs_500_,20,500,9.45,9,3.4420197558991434,1.352762570505252,1.242689626616583,0.18650793650793662
PIDCplyr_20_inctvs_550_,20,550,10.55,10,4.055551750378732,0.3319943897919272,-0.387675359,0.21540284360189577
PIDCplyr_20_inctvs_600_,20,600,10.65,10,3.0376800358168077,1.426381568963393,2.3381626179094743,0.14577464788732397
PIDCplyr_20_inctvs_650_,20,650,11.8,12,3.2186953878862163,-0.0172736,-0.437322043,0.15338983050847466
PIDCplyr_20_inctvs_700_,20,700,12.3,12,3.0512292604784714,0.8763350128853401,1.3021282683461752,0.13211382113821157
PIDCplyr_20_inctvs_750_,20,750,13.7,14,4.279018579066934,-0.114794311,1.0127881342054632,0.16751824817518257
PIDCplyr_20_inctvs_800_,20,800,14.55,15,3.827205246651922,-0.691856039,0.094859161,0.145532646
PIDCplyr_20_inctvs_850_,20,850,15.2,16,3.155946768,-0.460786247,-0.610974017,0.11513157894736847
PIDCplyr_20_inctvs_900_,20,900,16.3,16.5,4.050925820105819,0.052710996414808656,0.4350782674763578,0.13496932515337434
PIDCplyr_20_inctvs_950_,20,950,16.55,14,5.0346300757851115,0.5239203874111368,-0.611407988,0.16812688821752264
PIDCplyr_20_inctvs_1000_,20,1000,17.45,16.5,3.5422450508117027,0.011693881577382393,-0.838359006,0.1133237822349571
PIDCplyr_20_inctvs_1050_,20,1050,18.55,17.5,5.034630075785112,0.7566511281144807,0.083475979,0.14946091644204873
PIDCplyr_20_inctvs_1100_,20,1100,19.25,19,3.6176649927819464,0.070095396,0.13586642693136097,0.1024675324675326
PIDCplyr_20_inctvs_1150_,20,1150,20.75,20.5,5.185315805233081,0.16447583277863193,-0.448473578,0.1406024096385543
PIDCplyr_20_inctvs_1200_,20,1200,18.6,17.5,5.013980455,0.35804422185800655,-0.959634163,0.15107526881720446
PIDCplyr_20_inctvs_1250_,20,1250,22.9,22.5,5.107837115648853,0.6297899925710142,0.14579570290710375,0.12314410480349358
PIDCplyr_20_inctvs_1300_,20,1300,22.85,23,4.418993097980579,-0.129319804,-0.877344961,0.10995623632385132
PIDCplyr_20_inctvs_1350_,20,1350,24.4,24.5,4.810405388322277,-0.138636371,-0.350031263,0.11127049180327875
PIDCplyr_20_inctvs_1400_,20,1400,24.8,26,6.095900261651269,-0.234836403,-1.260566995,0.14032258064516134
PIDCplyr_20_inctvs_1450_,20,1450,25.45,26,5.123231402152356,-0.062282475,-0.654637213,0.1142436149312378
PIDCplyr_20_inctvs_500_,20,500,8.25,7.5,3.476708213238494,1.4174696090051784,2.1225551792396224,0.21969696969696972
PIDCplyr_20_inctvs_550_,20,550,9.8,10,2.6,0.25398270368684495,-0.497741676,0.1484693877551022
PIDCplyr_20_inctvs_600_,20,600,10,10,3.0659419433511785,0.19778032002152235,-0.659574468,0.17100000000000015
PIDCplyr_20_inctvs_650_,20,650,12.15,12,3.320767983464066,-0.205237505,-0.767620221,0.15452674897119356
PIDCplyr_20_inctvs_700_,20,700,11.9,12,3.793415347678131,-0.021653409,-0.288559395,0.1752100840336135
PIDCplyr_20_inctvs_750_,20,750,13.6,13.5,2.6907248094147422,0.012935782,-1.301578096,0.11286764705882346
PIDCplyr_20_inctvs_800_,20,800,14,14.5,3.794733192202055,0.7356687612197271,0.2928240740740735,0.14857142857142858
PIDCplyr_20_inctvs_850_,20,850,15.05,15,3.5982634700644143,0.13968571055311763,-0.175730326,0.1333887043189369
PIDCplyr_20_inctvs_900_,20,900,16.65,16,3.9277856356985676,0.019667168016269304,0.057313101,0.12927927927927918
PIDCplyr_20_inctvs_950_,20,950,16.65,16,4.0776831657204555,0.7087103481938831,0.2740403412159327,0.13468468468468464
PIDCplyr_20_inctvs_1000_,20,1000,18.4,18,3.6249137920783716,0.7278396992913987,0.34178464446807544,0.10760869565217401
PIDCplyr_20_inctvs_1050_,20,1050,19.3,19.5,4.6808118953873805,0.4305330412284398,-0.804437305,0.13704663212435242
PIDCplyr_20_inctvs_1100_,20,1100,19.85,20.5,4.452808102759426,0.27609341543155624,-0.522959746,0.12607052896725457
PIDCplyr_20_inctvs_1150_,20,1150,21.5,22,5.103920062069938,-0.489631553,0.37894791133248074,0.12860465116279074
PIDCplyr_20_inctvs_1200_,20,1200,20.95,21.5,4.954543369474123,0.10386513956017039,-0.311047684,0.13066825775656343
PIDCplyr_20_inctvs_1250_,20,1250,21.65,21.5,4.327528162819972,-0.401551464,-0.551004925,0.11235565819861437
PIDCplyr_20_inctvs_1300_,20,1300,23.8,25,4.905099387372289,-1.048631331,0.9671519455724806,0.11113445378151254
PIDCplyr_20_inctvs_1350_,20,1350,22.9,22.5,3.793415347678131,0.47846340502007617,-0.088049525,0.092358079
PIDCplyr_20_inctvs_1400_,20,1400,23.8,22,5.065570056765576,0.23698569765760924,-1.126797518,0.11974789915966377
PIDCplyr_20_inctvs_1450_,20,1450,25.1,25,4.928488612140643,-0.283077053,-0.47019097,0.11015936254980097
PIDCplyr_20_inctvs_500_,20,500,8.75,9,3.014548058996572,-0.38397018,-0.507714808,0.1934285714285714
PIDCplyr_20_inctvs_550_,20,550,8.9,8.5,2.8442925306655784,0.7791284466588406,1.1679697347974969,0.17247191011235963
PIDCplyr_20_inctvs_600_,20,600,10.4,10,4.1521078984053394,0.9562134995708481,0.5183219297915058,0.21634615384615397
PIDCplyr_20_inctvs_650_,20,650,11.45,11.5,3.7613162589710534,0.014277466664763936,-0.104435943,0.18318777292576416
PIDCplyr_20_inctvs_700_,20,700,11.95,11.5,3.9430318284284747,0.37488813576536784,-0.636513363,0.18556485355648533
PIDCplyr_20_inctvs_750_,20,750,13.4,13,3.088689042,-0.132762764,-0.407196445,0.1294776119402986
PIDCplyr_20_inctvs_800_,20,800,15.75,14,4.1337029404639125,0.6283212365510633,-0.575474036,0.14396825396825386
PIDCplyr_20_inctvs_850_,20,850,15.95,17,3.653423052426313,-0.476739386,-0.567857248,0.12805642633228853
PIDCplyr_20_inctvs_900_,20,900,16.1,16,4.968903299521938,0.4050464606972445,-0.216941349,0.172360248
PIDCplyr_20_inctvs_950_,20,950,16.45,17,4.364344166080397,-0.113740738,-0.898372433,0.15121580547112468
PIDCplyr_20_inctvs_1000_,20,1000,18.75,19,4.804945369096302,-0.08129821,-0.368135864,0.14440000000000008
PIDCplyr_20_inctvs_1050_,20,1050,18.3,17,5.040833264451424,0.26859748472967226,-1.272664082,0.15683060109289615
PIDCplyr_20_inctvs_1100_,20,1100,19.45,20,3.9808918598726084,0.02321787,0.036982727064566845,0.11041131105398472
PIDCplyr_20_inctvs_1150_,20,1150,21.2,21.5,3.1400636936215163,-0.29146319,0.23135664001909007,0.081367925
PIDCplyr_20_inctvs_1200_,20,1200,21.45,21,4.9746859197340285,0.27738982674390045,-0.493020787,0.13111888111888126
PIDCplyr_20_inctvs_1250_,20,1250,20.7,20.5,4.723346271447817,0.1537894271182733,0.23503097324063926,0.1260869565217393
PIDCplyr_20_inctvs_1300_,20,1300,21.45,20,5.248571234155063,0.060654625,-0.330679525,0.13694638694638694
PIDCplyr_20_inctvs_1350_,20,1350,21.2,21,4.9457052075512955,-0.218926785,-0.626884282,0.13160377358490571
PIDCplyr_20_inctvs_1400_,20,1400,23.6,22.5,6.514598989960932,1.3212259599852048,2.4165836828130587,0.14385593220338988
PIDCplyr_20_inctvs_1450_,20,1450,24.45,25,5.014728307695243,-0.473326884,0.23277627698932424,0.11339468302658495
PIDCplyr_20_inctvs_500_,20,500,8.7,7,3.7696153649941526,0.35686660144692156,-1.201513836,0.2436781609195403
PIDCplyr_20_inctvs_550_,20,550,10.35,11,3.5252659474144643,0.037850738,-0.460034768,0.19009661835748803
PIDCplyr_20_inctvs_600_,20,600,10.85,12,3.086664867,-0.246844422,-1.145844512,0.16013824884792627
PIDCplyr_20_inctvs_650_,20,650,12.2,12,2.8213471959331766,0.2233510128342854,0.5743289310875994,0.12418032786885247
PIDCplyr_20_inctvs_700_,20,700,10.3,10,3.7828560638755477,0.16060541547247906,-0.507366826,0.2067961165048544
PIDCplyr_20_inctvs_750_,20,750,11.95,11,4.067861846,0.842813383,0.1708750425490897,0.18556485355648544
PIDCplyr_20_inctvs_800_,20,800,14.45,15,3.3834154341434335,-0.37424821,-0.153718174,0.12923875432525944
PIDCplyr_20_inctvs_850_,20,850,14.25,14,2.896118091514916,-0.101116905,-1.32044394,0.11561403508771939
PIDCplyr_20_inctvs_900_,20,900,14.2,15,3.6138621999185303,-0.365361893,-0.785229674,0.1422535211267606
PIDCplyr_20_inctvs_950_,20,950,18.05,18,4.092370951,0.082258509,-0.949323368,0.1278393351800554
PIDCplyr_20_inctvs_1000_,20,1000,18.25,18,3.6588932752951404,-0.935137587,0.8512006109633403,0.10780821917808225
PIDCplyr_20_inctvs_1050_,20,1050,16.65,16,4.150602365922325,0.17316042499204023,-0.718202659,0.141891892
PIDCplyr_20_inctvs_1100_,20,1100,19.5,18,5.670097000933935,1.1988900198613242,1.0639716143950047,0.15333333333333343
PIDCplyr_20_inctvs_1150_,20,1150,21.3,20,4.605431575867782,0.2619132343234349,-1.291177936,0.12300469483568077
PIDCplyr_20_inctvs_1200_,20,1200,23.2,23.5,6.112282716,0.0734646,-0.339524231,0.14784482758620698
PIDCplyr_20_inctvs_1250_,20,1250,23.05,23,4.5108203245086145,-0.052321258,-0.914584672,0.11182212581344908
PIDCplyr_20_inctvs_1300_,20,1300,24,23.5,5.621387729022079,0.21955027382617073,-0.487982695,0.13250000000000017
PIDCplyr_20_inctvs_1350_,20,1350,24.7,22,6.504613747179766,1.176213639647049,0.11875264679596143,0.13502024291497983
PIDCplyr_20_inctvs_1400_,20,1400,24.55,25,5.722543140947039,0.6662269399503724,3.1707002107967055,0.11272912423625259
PIDCplyr_20_inctvs_1450_,20,1450,25.35,26,6.334627060845808,-0.235359784,1.0181551429111027,0.13106508875739642
PIDCplyr_20_inctvs_500_,20,500,8.9,9,2.142428528562855,0.12996063524965798,0.5330998049183346,0.1308988764044945
PIDCplyr_20_inctvs_550_,20,550,9.55,9,3.2322592717787972,0.6291341738719777,-0.365496508,0.18612565445026175
PIDCplyr_20_inctvs_600_,20,600,10.15,10,2.515452245621053,0.33922293406830184,-1.070403957,0.1406403940886699
PIDCplyr_20_inctvs_650_,20,650,11.25,11,3.672533185690771,0.13362225324985208,-0.400568267,0.1842222222222224
PIDCplyr_20_inctvs_700_,20,700,11,10.5,3.0166206257996713,-0.098356185,-0.98454293,0.15636363636363648
PIDCplyr_20_inctvs_750_,20,750,12.3,12,3.1,0.8265583565506353,0.3540515050551081,0.13617886178861804
PIDCplyr_20_inctvs_800_,20,800,15.1,15,2.6814175355583845,0.22002768459977998,-0.754730047,0.10033112582781456
PIDCplyr_20_inctvs_850_,20,850,14.5,13.5,4.318564576337836,0.3948288380640793,-0.614695714,0.16827586206896572
PIDCplyr_20_inctvs_900_,20,900,17.15,18,4.735768153108849,0.013692027869355592,-0.980588749,0.15758017492711385
PIDCplyr_20_inctvs_950_,20,950,17.15,17.5,5.1795270054320595,0.61368796,0.519259831,0.16603498542274053
PIDCplyr_20_inctvs_1000_,20,1000,17.65,18,4.407663780280887,-0.315406812,-0.72871969,0.14121813031161468
PIDCplyr_20_inctvs_1050_,20,1050,18.3,18,3.620773398046335,0.21222566787697758,-0.36767224,0.11147540983606574
PIDCplyr_20_inctvs_1100_,20,1100,21.7,20.5,5.020956084253277,0.9118150375720211,0.3479623207893834,0.12073732718894026
PIDCplyr_20_inctvs_1150_,20,1150,20.8,21,4.445222154178573,-0.147271801,-0.621490272,0.1209134615384615
PIDCplyr_20_inctvs_1200_,20,1200,20.95,22,3.427462618322773,-0.471579942,-0.678496296,0.091050119
PIDCplyr_20_inctvs_1250_,20,1250,23.15,22,4.585575209,0.090063922,-1.434487799,0.11263498920086412
PIDCplyr_20_inctvs_1300_,20,1300,24.65,25,6.109623556,-0.051799556,-1.007911754,0.1420892494929008
PIDCplyr_20_inctvs_1350_,20,1350,23.15,24,5.111506627208851,-0.978733654,0.33239757842735296,0.1195464362850972
PIDCplyr_20_inctvs_1400_,20,1400,23.95,22.5,4.466262419518136,0.30578083586250143,-0.902755841,0.104070981
PIDCplyr_20_inctvs_1450_,20,1450,25,25.5,4.207136793592526,-0.060430003,-0.133965336,0.0932
